x-axis,2
second,Volt
-100.8000E-03,-2.6456E-03
-100.7000E-03,-5.4468E-03
-100.6000E-03,-1.6080E-03
-100.5000E-03,-3.6302E-03
-100.4000E-03,+2.0786E-03
-100.3000E-03,-5.2897E-03
-100.2000E-03,-9.3355E-03
-100.1000E-03,-3.4746E-03
-100.0000E-03,-4.8241E-03
-99.9000E-03,+3.2649E-03
-99.8000E-03,-4.9290E-03
-99.7000E-03,-4.5141E-03
-99.6000E-03,-7.4736E-03
-99.5000E-03,+1.1398E-03
-99.4000E-03,-3.2161E-03
-99.3000E-03,-1.9695E-03
-99.2000E-03,-1.6080E-03
-99.1000E-03,-416.8E-06
-99.0000E-03,-3.2142E-03
-98.9000E-03,-5.2371E-03
-98.8000E-03,-1.6557E-03
-98.7000E-03,-2.8508E-03
-98.6000E-03,-7.9411E-03
-98.5000E-03,-3.0013E-03
-98.4000E-03,-3.2161E-03
-98.3000E-03,-3.5299E-03
-98.2000E-03,-1.7091E-03
-98.1000E-03,+1.6080E-03
-98.0000E-03,-1.6080E-03
-97.9000E-03,-3.2161E-03
-97.8000E-03,-5.1291E-03
-97.7000E-03,-1.5139E-03
-97.6000E-03,-7.9530E-03
-97.5000E-03,-12.4425E-03
-97.4000E-03,-3.2161E-03
-97.3000E-03,-4.4538E-03
-97.2000E-03,-2.6418E-03
-97.1000E-03,-4.6647E-03
-97.0000E-03,-3.9824E-03
-96.9000E-03,-2.2784E-03
-96.8000E-03,-6.4717E-03
-96.7000E-03,-1.6080E-03
-96.6000E-03,-2.2219E-03
-96.5000E-03,-164.4E-06
-96.4000E-03,+6.1548E-03
-96.3000E-03,-3.1596E-03
-96.2000E-03,+1.6080E-03
-96.1000E-03,+3.9894E-03
-96.0000E-03,-7.6203E-03
-95.9000E-03,-4.8241E-03
-95.8000E-03,-6.8420E-03
-95.7000E-03,-3.0917E-03
-95.6000E-03,-1.2396E-03
-95.5000E-03,-4.7777E-03
-95.4000E-03,+1.8320E-03
-95.3000E-03,-8.6276E-03
-95.2000E-03,-5.1878E-03
-95.1000E-03,-4.6282E-03
-95.0000E-03,-2.1904E-03
-94.9000E-03,-5.2571E-03
-94.8000E-03,+31.4103E-03
-94.7000E-03,-5.8345E-03
-94.6000E-03,-1.5232E-03
-94.5000E-03,-6.2254E-03
-94.4000E-03,-4.8241E-03
-94.3000E-03,-1.8089E-03
-94.2000E-03,-992.3E-06
-94.1000E-03,-8.2452E-03
-94.0000E-03,-3.0536E-03
-93.9000E-03,-5.6751E-03
-93.8000E-03,-5.7649E-03
-93.7000E-03,-1.6080E-03
-93.6000E-03,-666.2E-06
-93.5000E-03,-3.2161E-03
-93.4000E-03,-1.6080E-03
-93.3000E-03,-4.1650E-03
-93.2000E-03,-1.6676E-03
-93.1000E-03,-14.3038E-03
-93.0000E-03,-67.6E-06
-92.9000E-03,-2.3702E-03
-92.8000E-03,+1.5595E-03
-92.7000E-03,+8.7964E-03
-92.6000E-03,+6.2909E-03
-92.5000E-03,-5.6892E-03
-92.4000E-03,+1.5213E-03
-92.3000E-03,-4.3659E-03
-92.2000E-03,-4.9624E-03
-92.1000E-03,-3.2161E-03
-92.0000E-03,-4.6344E-03
-91.9000E-03,-1.1771E-03
-91.8000E-03,-6.1910E-03
-91.7000E-03,-805.6E-06
-91.6000E-03,-4.5314E-03
-91.5000E-03,-4.8997E-03
-91.4000E-03,-5.1683E-03
-91.3000E-03,-4.6071E-03
-91.2000E-03,-4.4285E-03
-91.1000E-03,-3.2161E-03
-91.0000E-03,-4.8241E-03
-90.9000E-03,-3.0505E-03
-90.8000E-03,-4.3255E-03
-90.7000E-03,-3.2161E-03
-90.6000E-03,-4.2951E-03
-90.5000E-03,-3.3302E-03
-90.4000E-03,-810.0E-06
-90.3000E-03,-2.5004E-03
-90.2000E-03,-3.3426E-03
-90.1000E-03,-1.4201E-03
-90.0000E-03,-2.5116E-03
-89.9000E-03,-3.2161E-03
-89.8000E-03,-6.0061E-03
-89.7000E-03,-1.6192E-03
-89.6000E-03,-5.2278E-03
-89.5000E-03,-29.1E-06
-89.4000E-03,-4.7144E-03
-89.3000E-03,-3.2967E-03
-89.2000E-03,-2.5184E-03
-89.1000E-03,-6.6964E-03
-89.0000E-03,-5.4703E-03
-88.9000E-03,-4.4570E-03
-88.8000E-03,+1.1894E-03
-88.7000E-03,-6.6672E-03
-88.6000E-03,-1.0865E-03
-88.5000E-03,-573.0E-06
-88.4000E-03,+3.1497E-03
-88.3000E-03,-2.2840E-03
-88.2000E-03,-3.8765E-03
-88.1000E-03,-3.0213E-03
-88.0000E-03,-2.8273E-03
-87.9000E-03,-1.6080E-03
-87.8000E-03,-8.3775E-03
-87.7000E-03,-623.2E-06
-87.6000E-03,-1.2328E-03
-87.5000E-03,-2.1401E-03
-87.4000E-03,-4.9413E-03
-87.3000E-03,-1.1907E-03
-87.2000E-03,-3.0523E-03
-87.1000E-03,-3.8629E-03
-87.0000E-03,-8.1059E-03
-86.9000E-03,-1.4703E-03
-86.8000E-03,-2.2921E-03
-86.7000E-03,-8.0402E-03
-86.6000E-03,-99.7E-06
-86.5000E-03,-3.6222E-03
-86.4000E-03,-7.2017E-03
-86.3000E-03,-14.1922E-03
-86.2000E-03,-4.7869E-03
-86.1000E-03,-6.1291E-03
-86.0000E-03,-7.5365E-03
-85.9000E-03,+3.8456E-03
-85.8000E-03,+721.0E-06
-85.7000E-03,-4.3205E-03
-85.6000E-03,-918.5E-06
-85.5000E-03,-6.1575E-03
-85.4000E-03,-5.5250E-03
-85.3000E-03,-3.2161E-03
-85.2000E-03,-2.2461E-03
-85.1000E-03,-223.2E-06
-85.0000E-03,-1.6080E-03
-84.9000E-03,-4.0060E-03
-84.8000E-03,-3.2161E-03
-84.7000E-03,-171.7E-06
-84.6000E-03,+7.2169E-03
-84.5000E-03,-4.2401E-03
-84.4000E-03,-3.7564E-03
-84.3000E-03,-1.6080E-03
-84.2000E-03,-3.2161E-03
-84.1000E-03,-6.9994E-03
-84.0000E-03,-2.7324E-03
-83.9000E-03,+988.8E-06
-83.8000E-03,-5.1702E-03
-83.7000E-03,-5.5851E-03
-83.6000E-03,+432.2E-06
-83.5000E-03,-4.8414E-03
-83.4000E-03,-3.6136E-03
-83.3000E-03,-2.4036E-03
-83.2000E-03,-2.8354E-03
-83.1000E-03,+1.5056E-03
-83.0000E-03,-3.2161E-03
-82.9000E-03,-983.7E-06
-82.8000E-03,-4.4949E-03
-82.7000E-03,+2.7023E-03
-82.6000E-03,-8.4342E-03
-82.5000E-03,-3.2161E-03
-82.4000E-03,-3.7716E-03
-82.3000E-03,-3.2161E-03
-82.2000E-03,-4.8241E-03
-82.1000E-03,+1.9337E-03
-82.0000E-03,+702.8E-06
-81.9000E-03,-377.1E-06
-81.8000E-03,-2.4138E-03
-81.7000E-03,-1.0183E-03
-81.6000E-03,-1.9577E-03
-81.5000E-03,-10.2961E-03
-81.4000E-03,-1.6080E-03
-81.3000E-03,-2.6778E-03
-81.2000E-03,-1.7314E-03
-81.1000E-03,-4.2411E-03
-81.0000E-03,-1.4128E-03
-80.9000E-03,-973.5E-06
-80.8000E-03,-9.2888E-03
-80.7000E-03,+1.8441E-03
-80.6000E-03,-5.7666E-03
-80.5000E-03,+1.4749E-03
-80.4000E-03,-3.1549E-03
-80.3000E-03,-2.4271E-03
-80.2000E-03,-2.4067E-03
-80.1000E-03,-5.6645E-03
-80.0000E-03,+1.5459E-03
-79.9000E-03,-3.3918E-03
-79.8000E-03,+2.3553E-03
-79.7000E-03,-3.8807E-03
-79.6000E-03,-1.6080E-03
-79.5000E-03,-5.4373E-03
-79.4000E-03,+262.6E-06
-79.3000E-03,-2.1698E-03
-79.2000E-03,-2.0101E-03
-79.1000E-03,-5.3344E-03
-79.0000E-03,-6.4322E-03
-78.9000E-03,-6.4322E-03
-78.8000E-03,+7.1127E-03
-78.7000E-03,-5.2314E-03
-78.6000E-03,+1.0153E-03
-78.5000E-03,+1.9639E-03
-78.4000E-03,-4.5872E-03
-78.3000E-03,-7.9970E-03
-78.2000E-03,-5.3654E-03
-78.1000E-03,-5.5827E-03
-78.0000E-03,-3.7930E-03
-77.9000E-03,-9.5491E-03
-77.8000E-03,+4.4085E-03
-77.7000E-03,-3.5159E-03
-77.6000E-03,-4.4842E-03
-77.5000E-03,+15.6537E-03
-77.4000E-03,-2.9231E-03
-77.3000E-03,-93.9E-06
-77.2000E-03,-4.8666E-03
-77.1000E-03,-6.4367E-03
-77.0000E-03,-7.7138E-03
-76.9000E-03,-1.6360E-03
-76.8000E-03,+7.2705E-03
-76.7000E-03,-5.4670E-03
-76.6000E-03,-5.1595E-03
-76.5000E-03,-6.3527E-03
-76.4000E-03,+744.4E-06
-76.3000E-03,-1.3300E-03
-76.2000E-03,-2.4599E-03
-76.1000E-03,+5.2537E-03
-76.0000E-03,-3.2161E-03
-75.9000E-03,-5.4715E-03
-75.8000E-03,-5.5023E-03
-75.7000E-03,-729.7E-06
-75.6000E-03,-5.4214E-03
-75.5000E-03,-595.9E-06
-75.4000E-03,-4.6431E-03
-75.3000E-03,-3.2161E-03
-75.2000E-03,-5.1346E-03
-75.1000E-03,-4.2797E-03
-75.0000E-03,-3.3456E-03
-74.9000E-03,+466.6E-06
-74.8000E-03,-6.8473E-03
-74.7000E-03,-3.7090E-03
-74.6000E-03,-3.1380E-03
-74.5000E-03,-3.2161E-03
-74.4000E-03,-9.3344E-03
-74.3000E-03,-3.2161E-03
-74.2000E-03,-79.7E-06
-74.1000E-03,-1.2197E-03
-74.0000E-03,-8.0369E-03
-73.9000E-03,-4.4342E-03
-73.8000E-03,-3.2161E-03
-73.7000E-03,-3.2161E-03
-73.6000E-03,-3.2161E-03
-73.5000E-03,-2.8776E-03
-73.4000E-03,-3.2161E-03
-73.3000E-03,-4.9584E-03
-73.2000E-03,-4.3265E-03
-73.1000E-03,+4.7101E-03
-73.0000E-03,-6.0486E-03
-72.9000E-03,-542.7E-06
-72.8000E-03,-6.4682E-03
-72.7000E-03,-901.4E-06
-72.6000E-03,-4.8241E-03
-72.5000E-03,-4.2299E-03
-72.4000E-03,-1.6080E-03
-72.3000E-03,-3.9524E-03
-72.2000E-03,-3.4469E-03
-72.1000E-03,-8.0278E-03
-72.0000E-03,-1.0262E-03
-71.9000E-03,-1.4754E-03
-71.8000E-03,-4.5418E-03
-71.7000E-03,-4.6104E-03
-71.6000E-03,-2.6000E-03
-71.5000E-03,-15.5126E-03
-71.4000E-03,+273.0E-06
-71.3000E-03,-3.7699E-03
-71.2000E-03,-2.0526E-03
-71.1000E-03,-6.3432E-03
-71.0000E-03,-1.6080E-03
-70.9000E-03,-3.2083E-03
-70.8000E-03,-2.3941E-03
-70.7000E-03,+3.1724E-03
-70.6000E-03,-873.4E-06
-70.5000E-03,-3.9725E-03
-70.4000E-03,-13.2059E-03
-70.3000E-03,+3.1428E-03
-70.2000E-03,-2.7279E-03
-70.1000E-03,-5.9253E-03
-70.0000E-03,+1.8981E-03
-69.9000E-03,+5.6835E-03
-69.8000E-03,-5.3638E-03
-69.7000E-03,-8.0916E-03
-69.6000E-03,-1.3694E-03
-69.5000E-03,-2.1368E-03
-69.4000E-03,-7.6144E-03
-69.3000E-03,-2.6141E-03
-69.2000E-03,-1.2337E-03
-69.1000E-03,-3.4299E-03
-69.0000E-03,+0.0E+00
-68.9000E-03,+11.5451E-03
-68.8000E-03,-271.3E-06
-68.7000E-03,+11.9595E-03
-68.6000E-03,-3.4360E-03
-68.5000E-03,-5.6007E-03
-68.4000E-03,-4.9925E-03
-68.3000E-03,-992.0E-06
-68.2000E-03,-2.9822E-03
-68.1000E-03,-3.6637E-03
-68.0000E-03,-3.0852E-03
-67.9000E-03,-3.2161E-03
-67.8000E-03,-2.4051E-03
-67.7000E-03,-815.8E-06
-67.6000E-03,-1.5893E-03
-67.5000E-03,-2.7825E-03
-67.4000E-03,-4.9131E-03
-67.3000E-03,-3.2161E-03
-67.2000E-03,-3.2161E-03
-67.1000E-03,-4.0066E-03
-67.0000E-03,-1.6080E-03
-66.9000E-03,-5.5526E-03
-66.8000E-03,-6.3105E-03
-66.7000E-03,-4.8258E-03
-66.6000E-03,-3.2161E-03
-66.5000E-03,-4.5824E-03
-66.4000E-03,-3.2161E-03
-66.3000E-03,-588.1E-06
-66.2000E-03,-3.0255E-03
-66.1000E-03,+6.8988E-03
-66.0000E-03,-2.0573E-03
-65.9000E-03,-7.0533E-03
-65.8000E-03,-2.6624E-03
-65.7000E-03,-20.5700E-03
-65.6000E-03,-1.6080E-03
-65.5000E-03,-3.6811E-03
-65.4000E-03,-2.7139E-03
-65.3000E-03,-87.3E-06
-65.2000E-03,-4.8241E-03
-65.1000E-03,-4.9472E-03
-65.0000E-03,-2.7654E-03
-64.9000E-03,-71.6E-06
-64.8000E-03,-1.6080E-03
-64.7000E-03,-2.4020E-03
-64.6000E-03,-2.8057E-03
-64.5000E-03,-4.7771E-03
-64.4000E-03,+1.6080E-03
-64.3000E-03,-4.8241E-03
-64.2000E-03,-3.7809E-03
-64.1000E-03,-3.0146E-03
-64.0000E-03,-644.0E-06
-63.9000E-03,-6.7718E-03
-63.8000E-03,-6.4322E-03
-63.7000E-03,-4.9427E-03
-63.6000E-03,+3.2312E-03
-63.5000E-03,-1.9790E-03
-63.4000E-03,-7.0611E-03
-63.3000E-03,-2.1183E-03
-63.2000E-03,-1.0231E-03
-63.1000E-03,-6.4322E-03
-63.0000E-03,-579.9E-06
-62.9000E-03,-11.5349E-03
-62.8000E-03,-2.5796E-03
-62.7000E-03,+494.6E-06
-62.6000E-03,-2.3172E-03
-62.5000E-03,-2.4272E-03
-62.4000E-03,-5.0563E-03
-62.3000E-03,-5.8346E-03
-62.2000E-03,-7.6788E-03
-62.1000E-03,-5.4586E-03
-62.0000E-03,-2.3474E-03
-61.9000E-03,-25.1474E-03
-61.8000E-03,-3.2161E-03
-61.7000E-03,-2.4641E-03
-61.6000E-03,-17.4781E-03
-61.5000E-03,+803.5E-06
-61.4000E-03,-3.2664E-03
-61.3000E-03,-3.5417E-03
-61.2000E-03,-3.9051E-03
-61.1000E-03,-3.3621E-03
-61.0000E-03,-3.1520E-03
-60.9000E-03,-4.9953E-03
-60.8000E-03,-1.7876E-03
-60.7000E-03,-410.7E-06
-60.6000E-03,-1.8391E-03
-60.5000E-03,+2.6857E-03
-60.4000E-03,-662.7E-06
-60.3000E-03,-10.2648E-03
-60.2000E-03,-668.1E-06
-60.1000E-03,-2.0523E-03
-60.0000E-03,+4.1191E-03
-59.9000E-03,-1.4117E-03
-59.8000E-03,-5.0426E-03
-59.7000E-03,-4.8241E-03
-59.6000E-03,-5.9437E-03
-59.5000E-03,-1.7530E-03
-59.4000E-03,-281.7E-06
-59.3000E-03,-6.6705E-03
-59.2000E-03,-4.8241E-03
-59.1000E-03,-3.0292E-03
-59.0000E-03,-1.2866E-03
-58.9000E-03,+3.4108E-03
-58.8000E-03,-4.6048E-03
-58.7000E-03,-1.4821E-03
-58.6000E-03,-2.4703E-03
-58.5000E-03,+5.0188E-03
-58.4000E-03,-1.5946E-03
-58.3000E-03,-3.1685E-03
-58.2000E-03,-2.0324E-03
-58.1000E-03,-2.3768E-03
-58.0000E-03,-4.6317E-03
-57.9000E-03,-6.3102E-03
-57.8000E-03,+1.8380E-03
-57.7000E-03,-6.0618E-03
-57.6000E-03,+96.0E-06
-57.5000E-03,-1.7205E-03
-57.4000E-03,-4.8241E-03
-57.3000E-03,-6.9850E-03
-57.2000E-03,-4.5732E-03
-57.1000E-03,-3.2161E-03
-57.0000E-03,-2.3153E-03
-56.9000E-03,-4.2098E-03
-56.8000E-03,-3.2161E-03
-56.7000E-03,-3.7471E-03
-56.6000E-03,-412.1E-06
-56.5000E-03,-2.0098E-03
-56.4000E-03,+1.0161E-03
-56.3000E-03,-4.8241E-03
-56.2000E-03,-3.4606E-03
-56.1000E-03,-3.8013E-03
-56.0000E-03,-6.2391E-03
-55.9000E-03,+971.3E-06
-55.8000E-03,-4.8241E-03
-55.7000E-03,-3.2161E-03
-55.6000E-03,-45.0E-06
-55.5000E-03,-4.4543E-03
-55.4000E-03,-1.7625E-03
-55.3000E-03,-4.4157E-03
-55.2000E-03,-4.8370E-03
-55.1000E-03,-842.6E-06
-55.0000E-03,-3.0231E-03
-54.9000E-03,-4.4671E-03
-54.8000E-03,-6.8375E-03
-54.7000E-03,-4.1616E-03
-54.6000E-03,-4.6568E-03
-54.5000E-03,+2.6856E-03
-54.4000E-03,+0.0E+00
-54.3000E-03,-12.7938E-03
-54.2000E-03,-8.5807E-03
-54.1000E-03,+5.6701E-03
-54.0000E-03,-4.8241E-03
-53.9000E-03,-1.9454E-03
-53.8000E-03,-8.8882E-03
-53.7000E-03,-190.2E-06
-53.6000E-03,+758.7E-06
-53.5000E-03,-4.5505E-03
-53.4000E-03,-3.8718E-03
-53.3000E-03,-8.1913E-03
-53.2000E-03,-2.3995E-03
-53.1000E-03,+929.4E-06
-53.0000E-03,-5.7885E-03
-52.9000E-03,+3.1165E-03
-52.8000E-03,+1.6080E-03
-52.7000E-03,-2.1905E-03
-52.6000E-03,-5.0681E-03
-52.5000E-03,-1.7043E-03
-52.4000E-03,-2.8493E-03
-52.3000E-03,-8.6875E-03
-52.2000E-03,-2.3930E-03
-52.1000E-03,-3.2094E-03
-52.0000E-03,-4.4708E-03
-51.9000E-03,-4.8823E-03
-51.8000E-03,+527.9E-06
-51.7000E-03,+7.6016E-03
-51.6000E-03,+3.2161E-03
-51.5000E-03,-3.3772E-03
-51.4000E-03,-5.8150E-03
-51.3000E-03,+4.3989E-03
-51.2000E-03,-2.6504E-03
-51.1000E-03,-1.3440E-03
-51.0000E-03,+7.8485E-03
-50.9000E-03,-4.8241E-03
-50.8000E-03,-3.1062E-03
-50.7000E-03,-1.6080E-03
-50.6000E-03,-3.2161E-03
-50.5000E-03,-418.5E-06
-50.4000E-03,-1.2483E-03
-50.3000E-03,+940.0E-06
-50.2000E-03,-1.9163E-03
-50.1000E-03,-17.7758E-03
-50.0000E-03,-4.1485E-03
-49.9000E-03,-3.7336E-03
-49.8000E-03,-4.6188E-03
-49.7000E-03,-4.5119E-03
-49.6000E-03,-1.0348E-03
-49.5000E-03,-4.5678E-03
-49.4000E-03,-6.4322E-03
-49.3000E-03,-727.4E-06
-49.2000E-03,-4.8751E-03
-49.1000E-03,-4.4095E-03
-49.0000E-03,-3.2161E-03
-48.9000E-03,-3.5787E-03
-48.8000E-03,+0.0E+00
-48.7000E-03,-4.8241E-03
-48.6000E-03,-155.2E-06
-48.5000E-03,-3.2161E-03
-48.4000E-03,-2.4895E-03
-48.3000E-03,-4.1511E-03
-48.2000E-03,-4.0418E-03
-48.1000E-03,-2.1261E-03
-48.0000E-03,-2.9582E-03
-47.9000E-03,-4.8241E-03
-47.8000E-03,-7.2667E-03
-47.7000E-03,-569.6E-06
-47.6000E-03,-623.6E-06
-47.5000E-03,-3.2161E-03
-47.4000E-03,-206.2E-06
-47.3000E-03,-3.2161E-03
-47.2000E-03,-4.7158E-03
-47.1000E-03,-3.0588E-03
-47.0000E-03,-2.1233E-03
-46.9000E-03,-2.0176E-03
-46.8000E-03,-6.5705E-03
-46.7000E-03,-3.0046E-03
-46.6000E-03,-4.2059E-03
-46.5000E-03,-1.7681E-03
-46.4000E-03,-13.4660E-03
-46.3000E-03,+1.4452E-03
-46.2000E-03,-360.6E-06
-46.1000E-03,-3.3874E-03
-46.0000E-03,-4.8241E-03
-45.9000E-03,+1.6137E-03
-45.8000E-03,-412.1E-06
-45.7000E-03,-3.2619E-03
-45.6000E-03,-1.6080E-03
-45.5000E-03,+1.2674E-03
-45.4000E-03,-2.7813E-03
-45.3000E-03,-2.3377E-03
-45.2000E-03,-5.4536E-03
-45.1000E-03,-4.4236E-03
-45.0000E-03,+2.8270E-03
-44.9000E-03,-2.2862E-03
-44.8000E-03,-5.9056E-03
-44.7000E-03,-6.9789E-03
-44.6000E-03,-5.2077E-03
-44.5000E-03,-10.4641E-03
-44.4000E-03,-1.2707E-03
-44.3000E-03,-7.0247E-03
-44.2000E-03,-4.8241E-03
-44.1000E-03,-2.0657E-03
-44.0000E-03,-6.2718E-03
-43.9000E-03,-9.1265E-03
-43.8000E-03,-3.0781E-03
-43.7000E-03,-3.2161E-03
-43.6000E-03,-3.1072E-03
-43.5000E-03,+689.9E-06
-43.4000E-03,-7.4855E-03
-43.3000E-03,-2.5525E-03
-43.2000E-03,-3.3882E-03
-43.1000E-03,-713.5E-06
-43.0000E-03,+4.3680E-03
-42.9000E-03,-4.0576E-03
-42.8000E-03,-4.8123E-03
-42.7000E-03,-6.4042E-03
-42.6000E-03,-1.7271E-03
-42.5000E-03,-6.8015E-03
-42.4000E-03,-4.8697E-03
-42.3000E-03,-4.5903E-03
-42.2000E-03,-3.0734E-03
-42.1000E-03,-4.4874E-03
-42.0000E-03,-1.8022E-03
-41.9000E-03,-1.0961E-03
-41.8000E-03,-4.8241E-03
-41.7000E-03,-5.0905E-03
-41.6000E-03,-4.8241E-03
-41.5000E-03,-962.4E-06
-41.4000E-03,-2.5190E-03
-41.3000E-03,-11.5751E-03
-41.2000E-03,-4.6241E-03
-41.1000E-03,-5.2024E-03
-41.0000E-03,-5.8539E-03
-40.9000E-03,-5.3143E-03
-40.8000E-03,+4.6718E-03
-40.7000E-03,+391.1E-06
-40.6000E-03,-3.7705E-03
-40.5000E-03,-1.6080E-03
-40.4000E-03,-3.8220E-03
-40.3000E-03,-1.6080E-03
-40.2000E-03,-1.1327E-03
-40.1000E-03,-241.8E-06
-40.0000E-03,-5.8874E-03
-39.9000E-03,-3.2161E-03
-39.8000E-03,-3.6399E-03
-39.7000E-03,-3.2161E-03
-39.6000E-03,-5.6203E-03
-39.5000E-03,+2.4288E-03
-39.4000E-03,-5.0779E-03
-39.3000E-03,-42.5E-06
-39.2000E-03,+914.8E-06
-39.1000E-03,+1.0088E-03
-39.0000E-03,-5.1486E-03
-38.9000E-03,-3.1117E-03
-38.8000E-03,-3.7249E-03
-38.7000E-03,-1.6421E-03
-38.6000E-03,-1.8775E-03
-38.5000E-03,-9.2119E-03
-38.4000E-03,-3.7764E-03
-38.3000E-03,-1.2657E-03
-38.2000E-03,-3.4340E-03
-38.1000E-03,-13.7172E-03
-38.0000E-03,+5.2085E-03
-37.9000E-03,-4.8241E-03
-37.8000E-03,-7.7073E-03
-37.7000E-03,-3.7129E-03
-37.6000E-03,+281.5E-06
-37.5000E-03,-2.7414E-03
-37.4000E-03,-7.4652E-03
-37.3000E-03,-4.2244E-03
-37.2000E-03,-3.0376E-03
-37.1000E-03,+1.7809E-03
-37.0000E-03,+4.5700E-03
-36.9000E-03,-9.3508E-03
-36.8000E-03,-690.7E-06
-36.7000E-03,-6.4322E-03
-36.6000E-03,-6.4442E-03
-36.5000E-03,-2.8132E-03
-36.4000E-03,-7.3046E-03
-36.3000E-03,-5.0366E-03
-36.2000E-03,-3.2555E-03
-36.1000E-03,-2.9710E-03
-36.0000E-03,-608.5E-06
-35.9000E-03,-2.8921E-03
-35.8000E-03,-12.3189E-03
-35.7000E-03,-6.4322E-03
-35.6000E-03,-2.2954E-03
-35.5000E-03,-5.8872E-03
-35.4000E-03,-5.3936E-03
-35.3000E-03,+63.7E-06
-35.2000E-03,-4.1882E-03
-35.1000E-03,-442.1E-06
-35.0000E-03,-4.6303E-03
-34.9000E-03,-3.8248E-03
-34.8000E-03,-4.2397E-03
-34.7000E-03,-2.1167E-03
-34.6000E-03,-1.6080E-03
-34.5000E-03,-3.2161E-03
-34.4000E-03,-3.2161E-03
-34.3000E-03,-3.6433E-03
-34.2000E-03,-4.1065E-03
-34.1000E-03,-4.1124E-03
-34.0000E-03,+5.7964E-03
-33.9000E-03,-4.8241E-03
-33.8000E-03,-5.1724E-03
-33.7000E-03,-1.6080E-03
-33.6000E-03,-524.1E-06
-33.5000E-03,+3.1253E-03
-33.4000E-03,-5.6327E-03
-33.3000E-03,-6.4534E-03
-33.2000E-03,-378.5E-06
-33.1000E-03,-3.2161E-03
-33.0000E-03,+960.0E-06
-32.9000E-03,-8.5338E-03
-32.8000E-03,-599.6E-06
-32.7000E-03,-87.8E-06
-32.6000E-03,-2.2107E-03
-32.5000E-03,-1.3809E-03
-32.4000E-03,-4.3184E-03
-32.3000E-03,-4.8241E-03
-32.2000E-03,-5.2693E-03
-32.1000E-03,-1.2780E-03
-32.0000E-03,+2.7679E-03
-31.9000E-03,-3.0253E-03
-31.8000E-03,-7.8524E-03
-31.7000E-03,-3.2161E-03
-31.6000E-03,-4.6515E-03
-31.5000E-03,-4.3396E-03
-31.4000E-03,-1.6776E-03
-31.3000E-03,-3.2161E-03
-31.2000E-03,-3.2161E-03
-31.1000E-03,-6.4322E-03
-31.0000E-03,-3.2161E-03
-30.9000E-03,+154.4E-06
-30.8000E-03,-4.6151E-03
-30.7000E-03,-3.2161E-03
-30.6000E-03,-3.0403E-03
-30.5000E-03,-3.6492E-03
-30.4000E-03,-3.1432E-03
-30.3000E-03,+1.2114E-03
-30.2000E-03,-2.4346E-03
-30.1000E-03,-8.5034E-03
-30.0000E-03,-3.2161E-03
-29.9000E-03,-6.6958E-03
-29.8000E-03,-6.1961E-03
-29.7000E-03,-4.7815E-03
-29.6000E-03,-3.2161E-03
-29.5000E-03,-4.3245E-03
-29.4000E-03,-472.6E-06
-29.3000E-03,-1.8867E-03
-29.2000E-03,-3.2161E-03
-29.1000E-03,-4.3183E-03
-29.0000E-03,-2.5625E-03
-28.9000E-03,+2.9534E-03
-28.8000E-03,-6.4322E-03
-28.7000E-03,+3.6190E-03
-28.6000E-03,-4.8241E-03
-28.5000E-03,-1.4323E-03
-28.4000E-03,+1.3689E-03
-28.3000E-03,-3.5702E-03
-28.2000E-03,-1.6080E-03
-28.1000E-03,-6.1837E-03
-28.0000E-03,-2.6348E-03
-27.9000E-03,-5.0211E-03
-27.8000E-03,+975.3E-06
-27.7000E-03,+1.5353E-03
-27.6000E-03,-9.0665E-03
-27.5000E-03,-3.4042E-03
-27.4000E-03,-1.8813E-03
-27.3000E-03,+0.0E+00
-27.2000E-03,-2.7888E-03
-27.1000E-03,-5.5881E-03
-27.0000E-03,-3.1468E-03
-26.9000E-03,+1.4269E-03
-26.8000E-03,-2.4982E-03
-26.7000E-03,-4.8241E-03
-26.6000E-03,-8.9238E-03
-26.5000E-03,-5.3958E-03
-26.4000E-03,-496.5E-06
-26.3000E-03,-3.4309E-03
-26.2000E-03,-4.5424E-03
-26.1000E-03,-1.6080E-03
-26.0000E-03,-2.6321E-03
-25.9000E-03,-2.8887E-03
-25.8000E-03,-1.8383E-03
-25.7000E-03,-12.4951E-03
-25.6000E-03,+1.0086E-03
-25.5000E-03,-3.8098E-03
-25.4000E-03,-3.5737E-03
-25.3000E-03,-236.1E-06
-25.2000E-03,-1.6080E-03
-25.1000E-03,-1.0844E-03
-25.0000E-03,-3.0888E-03
-24.9000E-03,-2.1832E-03
-24.8000E-03,+998.6E-06
-24.7000E-03,-981.4E-06
-24.6000E-03,-1.7597E-03
-24.5000E-03,-339.0E-06
-24.4000E-03,-5.1248E-03
-24.3000E-03,-3.2161E-03
-24.2000E-03,-3.1917E-03
-24.1000E-03,-2.3891E-03
-24.0000E-03,-1.6080E-03
-23.9000E-03,-4.8241E-03
-23.8000E-03,-3.1890E-03
-23.7000E-03,-1.6080E-03
-23.6000E-03,-1.6080E-03
-23.5000E-03,-4.8241E-03
-23.4000E-03,-4.6670E-03
-23.3000E-03,+0.0E+00
-23.2000E-03,-3.9158E-03
-23.1000E-03,-4.8241E-03
-23.0000E-03,-1.6080E-03
-22.9000E-03,-518.2E-06
-22.8000E-03,-11.5178E-03
-22.7000E-03,-7.1068E-03
-22.6000E-03,+17.2996E-03
-22.5000E-03,+3.8653E-03
-22.4000E-03,-3.0339E-03
-22.3000E-03,-6.4322E-03
-22.2000E-03,-3.6821E-03
-22.1000E-03,-1.9203E-03
-22.0000E-03,+1.0350E-03
-21.9000E-03,-1.6080E-03
-21.8000E-03,-1.1379E-03
-21.7000E-03,-13.0022E-03
-21.6000E-03,+8.6479E-03
-21.5000E-03,-4.3506E-03
-21.4000E-03,-3.2161E-03
-21.3000E-03,-963.6E-06
-21.2000E-03,-4.2205E-03
-21.1000E-03,-4.8241E-03
-21.0000E-03,-23.5790E-03
-20.9000E-03,+6.8E-06
-20.8000E-03,-2.8252E-03
-20.7000E-03,-1.6080E-03
-20.6000E-03,+1.6119E-03
-20.5000E-03,-7.7416E-03
-20.4000E-03,-678.8E-06
-20.3000E-03,-3.4426E-03
-20.2000E-03,-490.4E-06
-20.1000E-03,-1.1077E-03
-20.0000E-03,-4.6556E-03
-19.9000E-03,-9.3943E-03
-19.8000E-03,-3.1986E-03
-19.7000E-03,-3.2161E-03
-19.6000E-03,-2.5068E-03
-19.5000E-03,-894.2E-06
-19.4000E-03,+1.4361E-03
-19.3000E-03,-4.8241E-03
-19.2000E-03,-4.4542E-03
-19.1000E-03,-8.2687E-03
-19.0000E-03,-4.5057E-03
-18.9000E-03,-4.2758E-03
-18.8000E-03,+1.4746E-03
-18.7000E-03,+763.8E-06
-18.6000E-03,-8.2557E-03
-18.5000E-03,-3.2161E-03
-18.4000E-03,-7.3842E-03
-18.3000E-03,+6.9852E-03
-18.2000E-03,-2.5809E-03
-18.1000E-03,-3.9333E-03
-18.0000E-03,+3.1550E-03
-17.9000E-03,-5.2791E-03
-17.8000E-03,-2.4073E-03
-17.7000E-03,-426.2E-06
-17.6000E-03,+0.0E+00
-17.5000E-03,-435.8E-06
-17.4000E-03,+93.4E-06
-17.3000E-03,+550.9E-06
-17.2000E-03,-2.8540E-03
-17.1000E-03,+1.1207E-03
-17.0000E-03,-3.2161E-03
-16.9000E-03,-1.6080E-03
-16.8000E-03,-4.8241E-03
-16.7000E-03,-3.2161E-03
-16.6000E-03,-6.7314E-03
-16.5000E-03,+1.3685E-03
-16.4000E-03,-1.6080E-03
-16.3000E-03,-4.6614E-03
-16.2000E-03,+201.5E-06
-16.1000E-03,-1.2320E-03
-16.0000E-03,-2.1020E-03
-15.9000E-03,-2.2498E-03
-15.8000E-03,-1.1029E-03
-15.7000E-03,+10.3004E-03
-15.6000E-03,+0.0E+00
-15.5000E-03,-221.6E-06
-15.4000E-03,+999.9E-06
-15.3000E-03,-1.7782E-03
-15.2000E-03,-2.8863E-03
-15.1000E-03,-3.8421E-03
-15.0000E-03,+4.9008E-03
-14.9000E-03,-1.6080E-03
-14.8000E-03,-381.3E-06
-14.7000E-03,-811.9E-06
-14.6000E-03,+834.0E-06
-14.5000E-03,-3.2339E-03
-14.4000E-03,-2.7833E-03
-14.3000E-03,-3.9765E-03
-14.2000E-03,-691.1E-06
-14.1000E-03,-1.6080E-03
-14.0000E-03,-2.4211E-03
-13.9000E-03,-1.4179E-03
-13.8000E-03,+1.3140E-03
-13.7000E-03,-2.9744E-03
-13.6000E-03,-1.9E-06
-13.5000E-03,+4.2379E-03
-13.4000E-03,+1.3655E-03
-13.3000E-03,-4.6518E-03
-13.2000E-03,-10.5156E-03
-13.1000E-03,+0.0E+00
-13.0000E-03,+1.0347E-03
-12.9000E-03,-1.3843E-03
-12.8000E-03,+3.9004E-03
-12.7000E-03,-2.1626E-03
-12.6000E-03,+2.1710E-03
-12.5000E-03,-5.3312E-03
-12.4000E-03,-2.0636E-03
-12.3000E-03,-1.2039E-03
-12.2000E-03,-1.6080E-03
-12.1000E-03,+1.2813E-03
-12.0000E-03,+491.9E-06
-11.9000E-03,+3.2161E-03
-11.8000E-03,+1.7181E-03
-11.7000E-03,+0.0E+00
-11.6000E-03,-1.6299E-03
-11.5000E-03,+800.2E-06
-11.4000E-03,+8.0254E-03
-11.3000E-03,+0.0E+00
-11.2000E-03,+4.9052E-03
-11.1000E-03,-5.8700E-03
-11.0000E-03,-530.1E-06
-10.9000E-03,-3.0642E-03
-10.8000E-03,-2.5041E-03
-10.7000E-03,-1.0138E-03
-10.6000E-03,-6.1967E-03
-10.5000E-03,+2.1508E-03
-10.4000E-03,+8.9607E-03
-10.3000E-03,+2.7247E-03
-10.2000E-03,+4.3165E-03
-10.1000E-03,-4.5357E-03
-10.0000E-03,+7.6503E-03
-9.9000E-03,+1.8022E-03
-9.8000E-03,+1.1034E-03
-9.7000E-03,+3.5530E-03
-9.6000E-03,+2.7232E-03
-9.5000E-03,-15.9758E-03
-9.4000E-03,-6.4072E-03
-9.3000E-03,+3.9031E-03
-9.2000E-03,+11.0192E-03
-9.1000E-03,+91.2E-06
-9.0000E-03,+5.1376E-03
-8.9000E-03,+2.4776E-03
-8.8000E-03,+5.2788E-03
-8.7000E-03,+1.6876E-03
-8.6000E-03,+4.9317E-03
-8.5000E-03,-705.8E-06
-8.4000E-03,+2.4144E-03
-8.3000E-03,+1.6080E-03
-8.2000E-03,+1.1815E-03
-8.1000E-03,+3.9827E-03
-8.0000E-03,+1.2563E-03
-7.9000E-03,+4.6346E-03
-7.8000E-03,+5.4760E-03
-7.7000E-03,+5.7171E-03
-7.6000E-03,+4.8241E-03
-7.5000E-03,+3.2161E-03
-7.4000E-03,+3.7262E-03
-7.3000E-03,+4.5433E-03
-7.2000E-03,+4.8241E-03
-7.1000E-03,+2.8838E-03
-7.0000E-03,+4.9591E-03
-6.9000E-03,+3.8282E-03
-6.8000E-03,+5.4159E-03
-6.7000E-03,+5.9969E-03
-6.6000E-03,+6.1427E-03
-6.5000E-03,+5.3108E-03
-6.4000E-03,+6.5780E-03
-6.3000E-03,+4.0233E-03
-6.2000E-03,+3.4562E-03
-6.1000E-03,+2.5194E-03
-6.0000E-03,+7.8516E-03
-5.9000E-03,+2.5750E-03
-5.8000E-03,+5.9711E-03
-5.7000E-03,+4.3664E-03
-5.6000E-03,+8.1687E-03
-5.5000E-03,+12.2402E-03
-5.4000E-03,+1.6080E-03
-5.3000E-03,+5.6197E-03
-5.2000E-03,+8.0316E-03
-5.1000E-03,+9.2247E-03
-5.0000E-03,+3.2848E-03
-4.9000E-03,+5.3447E-03
-4.8000E-03,+11.1361E-03
-4.7000E-03,+3.8742E-03
-4.6000E-03,+8.0087E-03
-4.5000E-03,+5.7340E-03
-4.4000E-03,+7.5283E-03
-4.3000E-03,+7.5137E-03
-4.2000E-03,+6.8242E-03
-4.1000E-03,+6.4322E-03
-4.0000E-03,+1.1189E-03
-3.9000E-03,+8.3666E-03
-3.8000E-03,+3.0762E-03
-3.7000E-03,+12.2580E-03
-3.6000E-03,+8.5756E-03
-3.5000E-03,+10.9761E-03
-3.4000E-03,+10.2120E-03
-3.3000E-03,+9.4994E-03
-3.2000E-03,+9.9022E-03
-3.1000E-03,+9.6482E-03
-3.0000E-03,+16.9487E-03
-2.9000E-03,+9.4534E-03
-2.8000E-03,+15.4454E-03
-2.7000E-03,+12.4186E-03
-2.6000E-03,+12.4035E-03
-2.5000E-03,+17.6425E-03
-2.4000E-03,+20.6678E-03
-2.3000E-03,+13.7289E-03
-2.2000E-03,+14.0630E-03
-2.1000E-03,+12.8421E-03
-2.0000E-03,+12.7907E-03
-1.9000E-03,+20.0066E-03
-1.8000E-03,+8.2214E-03
-1.7000E-03,+22.3415E-03
-1.6000E-03,+16.7446E-03
-1.5000E-03,+5.2143E-03
-1.4000E-03,+13.7835E-03
-1.3000E-03,+15.7549E-03
-1.2000E-03,+13.4635E-03
-1.1000E-03,+22.3797E-03
-1.0000E-03,+13.8839E-03
-900.0E-06,+17.3685E-03
-800.0E-06,+17.1136E-03
-700.0E-06,+19.2965E-03
-600.0E-06,+19.9068E-03
-500.0E-06,+18.1113E-03
-400.0E-06,+25.5597E-03
-300.0E-06,+19.2965E-03
-200.0E-06,+19.7524E-03
-100.0E-06,+24.0901E-03
+0.0E+00,+22.0872E-03
+100.0E-06,+30.7386E-03
+200.0E-06,+20.9045E-03
+300.0E-06,+21.5333E-03
+400.0E-06,+23.0923E-03
+500.0E-06,+16.2968E-03
+600.0E-06,+22.5616E-03
+700.0E-06,+22.5126E-03
+800.0E-06,+20.9976E-03
+900.0E-06,+24.4914E-03
+1.0000E-03,+25.7286E-03
+1.1000E-03,+23.7646E-03
+1.2000E-03,+24.0642E-03
+1.3000E-03,+23.7597E-03
+1.4000E-03,+24.2285E-03
+1.5000E-03,+26.6663E-03
+1.6000E-03,+25.7286E-03
+1.7000E-03,+31.2324E-03
+1.8000E-03,+31.8446E-03
+1.9000E-03,+27.3367E-03
+2.0000E-03,+28.0095E-03
+2.1000E-03,+30.0368E-03
+2.2000E-03,+27.4936E-03
+2.3000E-03,+31.2318E-03
+2.4000E-03,+28.3233E-03
+2.5000E-03,+32.3673E-03
+2.6000E-03,+33.5605E-03
+2.7000E-03,+24.2205E-03
+2.8000E-03,+31.1227E-03
+2.9000E-03,+32.1608E-03
+3.0000E-03,+29.4644E-03
+3.1000E-03,+35.5344E-03
+3.2000E-03,+32.1608E-03
+3.3000E-03,+29.3590E-03
+3.4000E-03,+32.4721E-03
+3.5000E-03,+35.2212E-03
+3.6000E-03,+33.0947E-03
+3.7000E-03,+30.6569E-03
+3.8000E-03,+36.6221E-03
+3.9000E-03,+36.9322E-03
+4.0000E-03,+32.0530E-03
+4.1000E-03,+46.6295E-03
+4.2000E-03,+37.8625E-03
+4.3000E-03,+33.7186E-03
+4.4000E-03,+41.5970E-03
+4.5000E-03,+30.8579E-03
+4.6000E-03,+38.3380E-03
+4.7000E-03,+37.7123E-03
+4.8000E-03,+40.9120E-03
+4.9000E-03,+46.3262E-03
+5.0000E-03,+30.1483E-03
+5.1000E-03,+42.0652E-03
+5.2000E-03,+28.6420E-03
+5.3000E-03,+38.5930E-03
+5.4000E-03,+33.8669E-03
+5.5000E-03,+39.0458E-03
+5.6000E-03,+45.1660E-03
+5.7000E-03,+43.2118E-03
+5.8000E-03,+50.8152E-03
+5.9000E-03,+36.4119E-03
+6.0000E-03,+38.4348E-03
+6.1000E-03,+41.5523E-03
+6.2000E-03,+38.7351E-03
+6.3000E-03,+32.6823E-03
+6.4000E-03,+35.5902E-03
+6.5000E-03,+38.5930E-03
+6.6000E-03,+39.4779E-03
+6.7000E-03,+38.1229E-03
+6.8000E-03,+35.4321E-03
+6.9000E-03,+35.7366E-03
+7.0000E-03,+36.9849E-03
+7.1000E-03,+36.9187E-03
+7.2000E-03,+33.7836E-03
+7.3000E-03,+35.7881E-03
+7.4000E-03,+36.9849E-03
+7.5000E-03,+38.2259E-03
+7.6000E-03,+33.6733E-03
+7.7000E-03,+33.7688E-03
+7.8000E-03,+34.4993E-03
+7.9000E-03,+31.5296E-03
+8.0000E-03,+33.9674E-03
+8.1000E-03,+30.4871E-03
+8.2000E-03,+29.1947E-03
+8.3000E-03,+31.3684E-03
+8.4000E-03,+34.6232E-03
+8.5000E-03,+30.0759E-03
+8.6000E-03,+31.1803E-03
+8.7000E-03,+34.8582E-03
+8.8000E-03,+26.5279E-03
+8.9000E-03,+28.3276E-03
+9.0000E-03,+27.9128E-03
+9.1000E-03,+25.5674E-03
+9.2000E-03,+26.5756E-03
+9.3000E-03,+23.4520E-03
+9.4000E-03,+24.1206E-03
+9.5000E-03,+25.6189E-03
+9.6000E-03,+23.5103E-03
+9.7000E-03,+23.4006E-03
+9.8000E-03,+20.2427E-03
+9.9000E-03,+22.4543E-03
+10.0000E-03,+21.7993E-03
+10.1000E-03,+15.9504E-03
+10.2000E-03,+13.6291E-03
+10.3000E-03,+20.8910E-03
+10.4000E-03,+14.0643E-03
+10.5000E-03,+12.8643E-03
+10.6000E-03,+16.4506E-03
+10.7000E-03,+9.7376E-03
+10.8000E-03,+9.8785E-03
+10.9000E-03,+11.8490E-03
+11.0000E-03,+9.9524E-03
+11.1000E-03,+9.3597E-03
+11.2000E-03,+0.0E+00
+11.3000E-03,+876.5E-06
+11.4000E-03,+2.4144E-03
+11.5000E-03,+12.4214E-03
+11.6000E-03,+4.2616E-03
+11.7000E-03,+2.2387E-03
+11.8000E-03,+0.0E+00
+11.9000E-03,+1.0107E-03
+12.0000E-03,-5.2921E-03
+12.1000E-03,-3.2161E-03
+12.2000E-03,-4.9884E-03
+12.3000E-03,-5.0747E-03
+12.4000E-03,-2.7164E-03
+12.5000E-03,-10.7786E-03
+12.6000E-03,-17.1244E-03
+12.7000E-03,-29.6374E-03
+12.8000E-03,-13.4071E-03
+12.9000E-03,-10.1244E-03
+13.0000E-03,-19.2965E-03
+13.1000E-03,-16.2742E-03
+13.2000E-03,-17.7596E-03
+13.3000E-03,-20.1459E-03
+13.4000E-03,-20.9144E-03
+13.5000E-03,-26.1216E-03
+13.6000E-03,-28.8812E-03
+13.7000E-03,-31.9026E-03
+13.8000E-03,-21.1126E-03
+13.9000E-03,-29.6398E-03
+14.0000E-03,-29.0794E-03
+14.1000E-03,-39.2348E-03
+14.2000E-03,-33.6757E-03
+14.3000E-03,-30.6369E-03
+14.4000E-03,-33.5312E-03
+14.5000E-03,-36.9987E-03
+14.6000E-03,-40.0742E-03
+14.7000E-03,-25.0316E-03
+14.8000E-03,-39.8604E-03
+14.9000E-03,-42.9032E-03
+15.0000E-03,-45.3379E-03
+15.1000E-03,-37.8206E-03
+15.2000E-03,-41.2268E-03
+15.3000E-03,-44.0865E-03
+15.4000E-03,-48.4887E-03
+15.5000E-03,-49.5660E-03
+15.6000E-03,-49.3500E-03
+15.7000E-03,-51.5732E-03
+15.8000E-03,-54.3744E-03
+15.9000E-03,-65.2085E-03
+16.0000E-03,-56.2814E-03
+16.1000E-03,-57.7606E-03
+16.2000E-03,-58.2399E-03
+16.3000E-03,-57.8894E-03
+16.4000E-03,-63.7756E-03
+16.5000E-03,-61.1055E-03
+16.6000E-03,-61.1055E-03
+16.7000E-03,-66.6696E-03
+16.8000E-03,-62.3372E-03
+16.9000E-03,-65.8526E-03
+17.0000E-03,-65.2285E-03
+17.1000E-03,-66.5408E-03
+17.2000E-03,-64.0130E-03
+17.3000E-03,-68.8757E-03
+17.4000E-03,-68.1359E-03
+17.5000E-03,-66.6179E-03
+17.6000E-03,-71.0272E-03
+17.7000E-03,-70.7538E-03
+17.8000E-03,-72.3007E-03
+17.9000E-03,-69.4802E-03
+18.0000E-03,-72.1399E-03
+18.1000E-03,-72.1688E-03
+18.2000E-03,-71.9695E-03
+18.3000E-03,-71.7765E-03
+18.4000E-03,-79.7203E-03
+18.5000E-03,-74.7032E-03
+18.6000E-03,-75.4974E-03
+18.7000E-03,-74.5037E-03
+18.8000E-03,-75.4589E-03
+18.9000E-03,-74.9861E-03
+19.0000E-03,-72.3618E-03
+19.1000E-03,-77.3469E-03
+19.2000E-03,-73.9698E-03
+19.3000E-03,-72.8381E-03
+19.4000E-03,-70.9208E-03
+19.5000E-03,-75.8933E-03
+19.6000E-03,-77.2180E-03
+19.7000E-03,-77.9962E-03
+19.8000E-03,-78.8134E-03
+19.9000E-03,-80.1130E-03
+20.0000E-03,-77.2923E-03
+20.1000E-03,-81.3664E-03
+20.2000E-03,-74.8351E-03
+20.3000E-03,-77.8101E-03
+20.4000E-03,-78.8809E-03
+20.5000E-03,-75.4753E-03
+20.6000E-03,-75.3525E-03
+20.7000E-03,-81.6828E-03
+20.8000E-03,-73.0010E-03
+20.9000E-03,-75.5261E-03
+21.0000E-03,-79.4506E-03
+21.1000E-03,-71.4287E-03
+21.2000E-03,-75.3760E-03
+21.3000E-03,-70.5615E-03
+21.4000E-03,-68.8716E-03
+21.5000E-03,-74.8838E-03
+21.6000E-03,-90.1286E-03
+21.7000E-03,-77.7119E-03
+21.8000E-03,-65.9296E-03
+21.9000E-03,-57.1357E-03
+22.0000E-03,-72.9475E-03
+22.1000E-03,-74.5477E-03
+22.2000E-03,-64.1092E-03
+22.3000E-03,-61.5289E-03
+22.4000E-03,-69.9516E-03
+22.5000E-03,-66.9578E-03
+22.6000E-03,-63.5815E-03
+22.7000E-03,-64.3789E-03
+22.8000E-03,-65.5339E-03
+22.9000E-03,-66.7270E-03
+23.0000E-03,-65.9999E-03
+23.1000E-03,-59.3032E-03
+23.2000E-03,-55.8341E-03
+23.3000E-03,-45.4708E-03
+23.4000E-03,-60.4435E-03
+23.5000E-03,-57.8056E-03
+23.6000E-03,-58.3882E-03
+23.7000E-03,-56.5006E-03
+23.8000E-03,-58.9384E-03
+23.9000E-03,-47.5805E-03
+24.0000E-03,-54.6734E-03
+24.1000E-03,-54.3512E-03
+24.2000E-03,-54.4453E-03
+24.3000E-03,-51.6441E-03
+24.4000E-03,-52.6607E-03
+24.5000E-03,-48.8327E-03
+24.6000E-03,-49.8492E-03
+24.7000E-03,-50.9807E-03
+24.8000E-03,-40.4033E-03
+24.9000E-03,-47.1732E-03
+25.0000E-03,-54.1729E-03
+25.1000E-03,-46.2129E-03
+25.2000E-03,-44.1217E-03
+25.3000E-03,-40.6895E-03
+25.4000E-03,-43.3434E-03
+25.5000E-03,-39.7617E-03
+25.6000E-03,-37.7410E-03
+25.7000E-03,-37.8590E-03
+25.8000E-03,-38.6151E-03
+25.9000E-03,-36.5922E-03
+26.0000E-03,-37.7925E-03
+26.1000E-03,-36.2138E-03
+26.2000E-03,-30.6700E-03
+26.3000E-03,-37.1536E-03
+26.4000E-03,-32.2709E-03
+26.5000E-03,-34.7711E-03
+26.6000E-03,-47.3526E-03
+26.7000E-03,-32.8986E-03
+26.8000E-03,-30.7658E-03
+26.9000E-03,-27.6193E-03
+27.0000E-03,-33.2398E-03
+27.1000E-03,-30.0390E-03
+27.2000E-03,-27.6667E-03
+27.3000E-03,-31.4674E-03
+27.4000E-03,-25.3612E-03
+27.5000E-03,-28.3461E-03
+27.6000E-03,-24.2962E-03
+27.7000E-03,-24.4890E-03
+27.8000E-03,-22.5126E-03
+27.9000E-03,-18.9886E-03
+28.0000E-03,-27.2943E-03
+28.1000E-03,-21.2891E-03
+28.2000E-03,-17.4018E-03
+28.3000E-03,-19.7063E-03
+28.4000E-03,-14.3391E-03
+28.5000E-03,-12.8643E-03
+28.6000E-03,-11.2563E-03
+28.7000E-03,-13.0683E-03
+28.8000E-03,-19.1440E-03
+28.9000E-03,-14.4724E-03
+29.0000E-03,-14.5714E-03
+29.1000E-03,-16.8839E-03
+29.2000E-03,-14.2587E-03
+29.3000E-03,+1.3458E-03
+29.4000E-03,-14.9135E-03
+29.5000E-03,-10.2964E-03
+29.6000E-03,-8.3774E-03
+29.7000E-03,-9.7259E-03
+29.8000E-03,-21.5561E-03
+29.9000E-03,-9.4414E-03
+30.0000E-03,-15.7947E-03
+30.1000E-03,-18.1339E-03
+30.2000E-03,-11.7762E-03
+30.3000E-03,-8.0402E-03
+30.4000E-03,-12.3959E-03
+30.5000E-03,-8.2208E-03
+30.6000E-03,-9.4098E-03
+30.7000E-03,-3.5858E-03
+30.8000E-03,-5.9207E-03
+30.9000E-03,-10.5599E-03
+31.0000E-03,-3.1972E-03
+31.1000E-03,-7.5549E-03
+31.2000E-03,-6.4322E-03
+31.3000E-03,-9.3646E-03
+31.4000E-03,-8.3165E-03
+31.5000E-03,-3.7108E-03
+31.6000E-03,-4.5049E-03
+31.7000E-03,-11.7260E-03
+31.8000E-03,-3.9660E-03
+31.9000E-03,-1.6080E-03
+32.0000E-03,+9.3933E-03
+32.1000E-03,+1.6699E-03
+32.2000E-03,-2.4147E-03
+32.3000E-03,-391.7E-06
+32.4000E-03,-1.5849E-03
+32.5000E-03,-2.4841E-03
+32.6000E-03,-657.4E-06
+32.7000E-03,-2.8758E-03
+32.8000E-03,-4.9734E-03
+32.9000E-03,+0.0E+00
+33.0000E-03,+2.5124E-03
+33.1000E-03,+577.6E-06
+33.2000E-03,+1.2298E-03
+33.3000E-03,+5.4097E-03
+33.4000E-03,-348.5E-06
+33.5000E-03,-1.1334E-03
+33.6000E-03,+5.7219E-03
+33.7000E-03,+1.0156E-03
+33.8000E-03,+6.2565E-03
+33.9000E-03,+11.0060E-03
+34.0000E-03,+2.5290E-03
+34.1000E-03,+643.9E-06
+34.2000E-03,+3.2161E-03
+34.3000E-03,+3.2161E-03
+34.4000E-03,-1.3275E-03
+34.5000E-03,+478.1E-06
+34.6000E-03,+4.9389E-03
+34.7000E-03,+1.7738E-03
+34.8000E-03,-1.2760E-03
+34.9000E-03,+3.2161E-03
+35.0000E-03,+2.5927E-03
+35.1000E-03,+3.1218E-03
+35.2000E-03,+766.9E-06
+35.3000E-03,+11.3E-06
+35.4000E-03,+6.0661E-03
+35.5000E-03,-60.2E-06
+35.6000E-03,+434.9E-06
+35.7000E-03,+5.6739E-03
+35.8000E-03,+108.7E-06
+35.9000E-03,+143.1E-06
+36.0000E-03,+5.0130E-03
+36.1000E-03,+1.8026E-03
+36.2000E-03,-3.0729E-03
+36.3000E-03,+369.0E-06
+36.4000E-03,-3.7371E-03
+36.5000E-03,+4.4664E-03
+36.6000E-03,+12.3088E-03
+36.7000E-03,+8.9503E-03
+36.8000E-03,+3.6454E-03
+36.9000E-03,+3.8199E-03
+37.0000E-03,+6.0543E-03
+37.1000E-03,+4.1462E-03
+37.2000E-03,+3.8569E-03
+37.3000E-03,+3.7684E-03
+37.4000E-03,+3.2161E-03
+37.5000E-03,+2.4969E-03
+37.6000E-03,+6.2088E-03
+37.7000E-03,-2.8207E-03
+37.8000E-03,+2.8722E-03
+37.9000E-03,+1.6446E-03
+38.0000E-03,+743.8E-06
+38.1000E-03,+5.5334E-03
+38.2000E-03,+4.4102E-03
+38.3000E-03,+4.4437E-03
+38.4000E-03,+5.6194E-03
+38.5000E-03,+4.8241E-03
+38.6000E-03,+3.4029E-03
+38.7000E-03,+2.9036E-03
+38.8000E-03,+1.0176E-03
+38.9000E-03,+5.2946E-03
+39.0000E-03,+3.4215E-03
+39.1000E-03,+790.1E-06
+39.2000E-03,+4.1143E-03
+39.3000E-03,+8.1735E-03
+39.4000E-03,+8.6888E-03
+39.5000E-03,+4.8241E-03
+39.6000E-03,+6.1408E-03
+39.7000E-03,+6.0415E-03
+39.8000E-03,-1.4366E-03
+39.9000E-03,+5.5612E-03
+40.0000E-03,+1.7897E-03
+40.1000E-03,+7.4642E-03
+40.2000E-03,+5.5406E-03
+40.3000E-03,-27.3E-06
+40.4000E-03,+3.7133E-03
+40.5000E-03,+4.9646E-03
+40.6000E-03,+5.9216E-03
+40.7000E-03,+6.2026E-03
+40.8000E-03,+6.8398E-03
+40.9000E-03,+1.7861E-03
+41.0000E-03,+6.1063E-03
+41.1000E-03,+7.9136E-03
+41.2000E-03,+14.5213E-03
+41.3000E-03,+4.7865E-03
+41.4000E-03,+1.0510E-03
+41.5000E-03,+2.4002E-03
+41.6000E-03,+8.8215E-03
+41.7000E-03,+41.7E-06
+41.8000E-03,+6.2176E-03
+41.9000E-03,+1.6080E-03
+42.0000E-03,+3.9151E-03
+42.1000E-03,+3.4122E-03
+42.2000E-03,+5.9519E-03
+42.3000E-03,-1.6241E-03
+42.4000E-03,+3.5141E-03
+42.5000E-03,+6.4322E-03
+42.6000E-03,+2.6715E-03
+42.7000E-03,+3.5013E-03
+42.8000E-03,+5.0707E-03
+42.9000E-03,-2.2061E-03
+43.0000E-03,+4.2409E-03
+43.1000E-03,+5.8222E-03
+43.2000E-03,+2.1933E-03
+43.3000E-03,+5.9231E-03
+43.4000E-03,+296.0E-06
+43.5000E-03,+6.4996E-03
+43.6000E-03,+4.8241E-03
+43.7000E-03,+7.4976E-03
+43.8000E-03,+4.8241E-03
+43.9000E-03,+1.7821E-03
+44.0000E-03,+15.1591E-03
+44.1000E-03,+6.1094E-03
+44.2000E-03,-1.6080E-03
+44.3000E-03,+2.0636E-03
+44.4000E-03,+4.8648E-03
+44.5000E-03,+1.3858E-03
+44.6000E-03,+4.0350E-03
+44.7000E-03,+404.1E-06
+44.8000E-03,+3.2269E-03
+44.9000E-03,+2.7904E-03
+45.0000E-03,+3.9835E-03
+45.1000E-03,+4.6264E-03
+45.2000E-03,+3.1538E-03
+45.3000E-03,+5.9550E-03
+45.4000E-03,+3.3922E-03
+45.5000E-03,+2.3128E-03
+45.6000E-03,+36.6436E-03
+45.7000E-03,-13.4151E-03
+45.8000E-03,+2.9371E-03
+45.9000E-03,+2.7168E-03
+46.0000E-03,+1.6080E-03
+46.1000E-03,+6.2998E-03
+46.2000E-03,+5.0552E-03
+46.3000E-03,+3.0179E-03
+46.4000E-03,+7.6068E-03
+46.5000E-03,+4.5374E-03
+46.6000E-03,+1.6847E-03
+46.7000E-03,+4.2374E-03
+46.8000E-03,+3.2172E-03
+46.9000E-03,+2.2911E-03
+47.0000E-03,+6.4322E-03
+47.1000E-03,+6.2417E-03
+47.2000E-03,+6.7615E-03
+47.3000E-03,+2.8983E-03
+47.4000E-03,+1.3758E-03
+47.5000E-03,+2.6476E-03
+47.6000E-03,-1.2369E-03
+47.7000E-03,+786.0E-06
+47.8000E-03,-386.6E-06
+47.9000E-03,+6.4167E-03
+48.0000E-03,+422.6E-06
+48.1000E-03,+5.5277E-03
+48.2000E-03,+6.7878E-03
+48.3000E-03,+177.7E-06
+48.4000E-03,+1.6080E-03
+48.5000E-03,-6.3927E-03
+48.6000E-03,-1.3039E-03
+48.7000E-03,+4.9348E-03
+48.8000E-03,-4.2985E-03
+48.9000E-03,+6.4322E-03
+49.0000E-03,+2.7107E-03
+49.1000E-03,+5.1485E-03
+49.2000E-03,-453.9E-06
+49.3000E-03,+991.9E-06
+49.4000E-03,+2.8136E-03
+49.5000E-03,+4.3968E-03
+49.6000E-03,+4.5466E-03
+49.7000E-03,+2.7373E-03
+49.8000E-03,+4.6744E-03
+49.9000E-03,+2.1383E-03
+50.0000E-03,-183.9E-06
+50.1000E-03,+1.4709E-03
+50.2000E-03,+1.7063E-03
+50.3000E-03,+1.9246E-03
+50.4000E-03,+731.5E-06
+50.5000E-03,+4.1395E-03
+50.6000E-03,-3.1225E-03
+50.7000E-03,+6.0641E-03
+50.8000E-03,+4.8663E-03
+50.9000E-03,+2.4285E-03
+51.0000E-03,-4.8055E-03
+51.1000E-03,+3.9850E-03
+51.2000E-03,+2.4425E-03
+51.3000E-03,+2.3255E-03
+51.4000E-03,+7.8156E-03
+51.5000E-03,+5.4901E-03
+51.6000E-03,-885.9E-06
+51.7000E-03,+4.0662E-03
+51.8000E-03,+6.1093E-03
+51.9000E-03,+1.0450E-03
+52.0000E-03,+3.2161E-03
+52.1000E-03,+255.8E-06
+52.2000E-03,+2.2444E-03
+52.3000E-03,+3.4438E-03
+52.4000E-03,+3.3362E-03
+52.5000E-03,-2.1945E-03
+52.6000E-03,-4.8241E-03
+52.7000E-03,+4.4670E-03
+52.8000E-03,+3.2161E-03
+52.9000E-03,+1.6080E-03
+53.0000E-03,-4.3000E-03
+53.1000E-03,+1.3538E-03
+53.2000E-03,+2.1836E-03
+53.3000E-03,+4.6214E-03
+53.4000E-03,+5.8051E-03
+53.5000E-03,+3.5186E-03
+53.6000E-03,+2.7513E-03
+53.7000E-03,+1.6080E-03
+53.8000E-03,+2.5549E-03
+53.9000E-03,+3.2161E-03
+54.0000E-03,+11.8953E-03
+54.1000E-03,+4.8194E-03
+54.2000E-03,+5.1250E-03
+54.3000E-03,+667.4E-06
+54.4000E-03,+2.6935E-03
+54.5000E-03,-159.2E-06
+54.6000E-03,-2.2802E-03
+54.7000E-03,+8.4502E-03
+54.8000E-03,+4.8804E-03
+54.9000E-03,+8.9165E-03
+55.0000E-03,+13.9529E-03
+55.1000E-03,-1.0870E-03
+55.2000E-03,-2.4943E-03
+55.3000E-03,-1.4520E-03
+55.4000E-03,-1.3988E-03
+55.5000E-03,+2.8526E-03
+55.6000E-03,+2.9576E-03
+55.7000E-03,+3.4236E-03
+55.8000E-03,+4.4608E-03
+55.9000E-03,+2.6453E-03
+56.0000E-03,+3.2161E-03
+56.1000E-03,-2.6982E-03
+56.2000E-03,+1.3477E-03
+56.3000E-03,+2.1774E-03
+56.4000E-03,-4.3019E-03
+56.5000E-03,+0.0E+00
+56.6000E-03,-725.3E-06
+56.7000E-03,-23.0083E-03
+56.8000E-03,+1.5021E-03
+56.9000E-03,+7.6783E-03
+57.0000E-03,+3.2161E-03
+57.1000E-03,-1.1917E-03
+57.2000E-03,+12.8568E-03
+57.3000E-03,+1.6080E-03
+57.4000E-03,+3.2161E-03
+57.5000E-03,+7.4588E-03
+57.6000E-03,+1.7080E-03
+57.7000E-03,+8.0023E-03
+57.8000E-03,-7.0090E-03
+57.9000E-03,+2.5483E-03
+58.0000E-03,+3.4190E-03
+58.1000E-03,+516.3E-06
+58.2000E-03,+0.0E+00
+58.3000E-03,+1.8700E-03
+58.4000E-03,-2.2985E-03
+58.5000E-03,+0.0E+00
+58.6000E-03,+625.4E-06
+58.7000E-03,-631.4E-06
+58.8000E-03,+1.1992E-03
+58.9000E-03,+2.5968E-03
+59.0000E-03,+4.2502E-03
+59.1000E-03,+795.0E-06
+59.2000E-03,-2.7419E-03
+59.3000E-03,+937.3E-06
+59.4000E-03,+1.6489E-03
+59.5000E-03,+3.2161E-03
+59.6000E-03,+4.2094E-03
+59.7000E-03,+885.8E-06
+59.8000E-03,+5.6856E-03
+59.9000E-03,-3.1040E-03
+60.0000E-03,+1.2492E-03
+60.1000E-03,+6.3109E-03
+60.2000E-03,-69.8E-06
+60.3000E-03,+1.6126E-03
+60.4000E-03,-1.6080E-03
+60.5000E-03,+5.7339E-03
+60.6000E-03,-1.2401E-03
+60.7000E-03,+3.1223E-03
+60.8000E-03,+16.4E-06
+60.9000E-03,+1.4628E-03
+61.0000E-03,+25.5E-06
+61.1000E-03,+2.9210E-03
+61.2000E-03,+68.3E-06
+61.3000E-03,+6.1192E-03
+61.4000E-03,-3.7640E-03
+61.5000E-03,+4.0749E-03
+61.6000E-03,+9.4760E-03
+61.7000E-03,+3.2161E-03
+61.8000E-03,-213.6E-06
+61.9000E-03,-2.8134E-03
+62.0000E-03,-481.1E-06
+62.1000E-03,+2.5163E-03
+62.2000E-03,+324.2E-06
+62.3000E-03,+252.8E-06
+62.4000E-03,-2.2757E-03
+62.5000E-03,+1.0194E-03
+62.6000E-03,+221.2E-06
+62.7000E-03,+2.8251E-03
+62.8000E-03,+1.4383E-03
+62.9000E-03,-762.0E-06
+63.0000E-03,+6.1365E-03
+63.1000E-03,-355.7E-06
+63.2000E-03,+703.8E-06
+63.3000E-03,-1.1855E-03
+63.4000E-03,+1.5851E-03
+63.5000E-03,-2.4225E-03
+63.6000E-03,-4.7880E-03
+63.7000E-03,-6.9270E-03
+63.8000E-03,-4.5174E-03
+63.9000E-03,+2.5254E-03
+64.0000E-03,+2.6207E-03
+64.1000E-03,-329.7E-06
+64.2000E-03,+95.3E-06
+64.3000E-03,-1.1754E-03
+64.4000E-03,-3.4149E-03
+64.5000E-03,+1.0718E-03
+64.6000E-03,+0.0E+00
+64.7000E-03,-1.0464E-03
+64.8000E-03,+690.0E-06
+64.9000E-03,-1.4830E-03
+65.0000E-03,-4.2294E-03
+65.1000E-03,+1.3767E-03
+65.2000E-03,+2.0560E-03
+65.3000E-03,+4.5374E-03
+65.4000E-03,+499.4E-06
+65.5000E-03,+943.4E-06
+65.6000E-03,+3.2384E-03
+65.7000E-03,+0.0E+00
+65.8000E-03,+2.6137E-03
+65.9000E-03,-892.0E-06
+66.0000E-03,-2.2619E-03
+66.1000E-03,+7.7914E-03
+66.2000E-03,-2.8634E-03
+66.3000E-03,+1.7539E-03
+66.4000E-03,+425.6E-06
+66.5000E-03,+0.0E+00
+66.6000E-03,+0.0E+00
+66.7000E-03,-1.5480E-03
+66.8000E-03,+2.0937E-03
+66.9000E-03,+9.4445E-03
+67.0000E-03,+1.1524E-03
+67.1000E-03,-133.0E-06
+67.2000E-03,-962.7E-06
+67.3000E-03,-92.2E-06
+67.4000E-03,+4.3170E-03
+67.5000E-03,-922.0E-06
+67.6000E-03,+0.0E+00
+67.7000E-03,-1.7517E-03
+67.8000E-03,-3.1484E-03
+67.9000E-03,-295.7E-06
+68.0000E-03,-1.3883E-03
+68.1000E-03,-2.4354E-03
+68.2000E-03,-1.3860E-03
+68.3000E-03,-1.6080E-03
+68.4000E-03,+5.5910E-03
+68.5000E-03,-2.4762E-03
+68.6000E-03,-4.1626E-03
+68.7000E-03,-4.2925E-03
+68.8000E-03,+0.0E+00
+68.9000E-03,-596.2E-06
+69.0000E-03,-3.0340E-03
+69.1000E-03,+3.2161E-03
+69.2000E-03,+4.8241E-03
+69.3000E-03,+908.9E-06
+69.4000E-03,+4.4552E-03
+69.5000E-03,-4.3954E-03
+69.6000E-03,+1.6357E-03
+69.7000E-03,-2.4140E-03
+69.8000E-03,-4.0082E-03
+69.9000E-03,-4.1688E-03
+70.0000E-03,+37.7E-06
+70.1000E-03,-2.9657E-03
+70.2000E-03,-740.6E-06
+70.3000E-03,-1.9338E-03
+70.4000E-03,-5.7191E-03
+70.5000E-03,+3.0241E-03
+70.6000E-03,-1.8377E-03
+70.7000E-03,+1.3338E-03
+70.8000E-03,-703.0E-06
+70.9000E-03,-555.5E-06
+71.0000E-03,+2.2734E-03
+71.1000E-03,-2.7705E-03
+71.2000E-03,+1.8001E-03
+71.3000E-03,-212.8E-06
+71.4000E-03,-5.7114E-03
+71.5000E-03,-3.2161E-03
+71.6000E-03,+6.0917E-03
+71.7000E-03,+0.0E+00
+71.8000E-03,-5.3666E-03
+71.9000E-03,-1.0088E-03
+72.0000E-03,-2.9210E-03
+72.1000E-03,-7.3303E-03
+72.2000E-03,+2.0913E-03
+72.3000E-03,+10.9144E-03
+72.4000E-03,+1.4835E-03
+72.5000E-03,-2.5400E-03
+72.6000E-03,+4.7051E-03
+72.7000E-03,-6.3984E-03
+72.8000E-03,-3.2000E-03
+72.9000E-03,+4.0113E-03
+73.0000E-03,-293.5E-06
+73.1000E-03,-6.2938E-03
+73.2000E-03,+2.9564E-03
+73.3000E-03,-743.7E-06
+73.4000E-03,-5.8106E-03
+73.5000E-03,-1.4359E-03
+73.6000E-03,+4.1127E-03
+73.7000E-03,-1.8316E-03
+73.8000E-03,-2.9387E-03
+73.9000E-03,-2.8035E-03
+74.0000E-03,+1.0556E-03
+74.1000E-03,-2.2611E-03
+74.2000E-03,-225.9E-06
+74.3000E-03,-4.2571E-03
+74.4000E-03,+1.6080E-03
+74.5000E-03,-3.8054E-03
+74.6000E-03,-3.3905E-03
+74.7000E-03,-481.0E-06
+74.8000E-03,-655.4E-06
+74.9000E-03,-5.3727E-03
+75.0000E-03,+1.4851E-03
+75.1000E-03,+732.2E-06
+75.2000E-03,+1.6080E-03
+75.3000E-03,+972.7E-06
+75.4000E-03,-6.1464E-03
+75.5000E-03,-1.9515E-03
+75.6000E-03,-941.2E-06
+75.7000E-03,-1.6080E-03
+75.8000E-03,-11.1764E-03
+75.9000E-03,-2.0029E-03
+76.0000E-03,-2.4063E-03
+76.1000E-03,-4.4407E-03
+76.2000E-03,-3.1846E-03
+76.3000E-03,-6.4322E-03
+76.4000E-03,+2.0114E-03
+76.5000E-03,-3.2161E-03
+76.6000E-03,-83.0E-06
+76.7000E-03,-3.8284E-03
+76.8000E-03,+434.8E-06
+76.9000E-03,-560.9E-06
+77.0000E-03,-4.8241E-03
+77.1000E-03,-5.2536E-03
+77.2000E-03,-320.4E-06
+77.3000E-03,-4.5952E-03
+77.4000E-03,-557.8E-06
+77.5000E-03,-1.8024E-03
+77.6000E-03,-3.3851E-03
+77.7000E-03,-3.3828E-03
+77.8000E-03,-2.5039E-03
+77.9000E-03,-4.1718E-03
+78.0000E-03,-3.7277E-03
+78.1000E-03,-2.7121E-03
+78.2000E-03,+2.3495E-03
+78.3000E-03,+1.8086E-03
+78.4000E-03,-769.0E-06
+78.5000E-03,-2.0552E-03
+78.6000E-03,-1.8547E-03
+78.7000E-03,-3.1185E-03
+78.8000E-03,-6.8632E-03
+78.9000E-03,+23.1E-06
+79.0000E-03,+2.0406E-03
+79.1000E-03,-6.4375E-03
+79.2000E-03,-2.4432E-03
+79.3000E-03,-3.1877E-03
+79.4000E-03,+8.2575E-03
+79.5000E-03,+3.1078E-03
+79.6000E-03,-4.4891E-03
+79.7000E-03,-3.2161E-03
+79.8000E-03,-1.4843E-03
+79.9000E-03,-6.2209E-03
+80.0000E-03,+2.0820E-03
+80.1000E-03,+131.4E-06
+80.2000E-03,-5.3397E-03
+80.3000E-03,-961.1E-06
+80.4000E-03,-8.9521E-03
+80.5000E-03,-1.7909E-03
+80.6000E-03,+2.0206E-03
+80.7000E-03,+1.6080E-03
+80.8000E-03,-2.6744E-03
+80.9000E-03,-2.9818E-03
+81.0000E-03,-6.4621E-03
+81.1000E-03,-1.6080E-03
+81.2000E-03,-516.3E-06
+81.3000E-03,+1.6080E-03
+81.4000E-03,-10.3034E-03
+81.5000E-03,-4.3316E-03
+81.6000E-03,+2.3624E-03
+81.7000E-03,-4.8241E-03
+81.8000E-03,+1.7118E-03
+81.9000E-03,-441.0E-06
+82.0000E-03,-3.1377E-03
+82.1000E-03,-4.0466E-03
+82.2000E-03,-2.4125E-03
+82.3000E-03,-2.7767E-03
+82.4000E-03,-1.6334E-03
+82.5000E-03,+3.0632E-03
+82.6000E-03,-957.3E-06
+82.7000E-03,+0.0E+00
+82.8000E-03,+993.5E-06
+82.9000E-03,-6.6981E-03
+83.0000E-03,-1.6080E-03
+83.1000E-03,-573.2E-06
+83.2000E-03,-16.5338E-03
+83.3000E-03,+8.6907E-03
+83.4000E-03,-650.0E-06
+83.5000E-03,-1.6080E-03
+83.6000E-03,-1.2485E-03
+83.7000E-03,-4.8911E-03
+83.8000E-03,-2.8051E-03
+83.9000E-03,-6.9831E-03
+84.0000E-03,+1.1456E-03
+84.1000E-03,-1.6080E-03
+84.2000E-03,+1.6080E-03
+84.3000E-03,-1.4759E-03
+84.4000E-03,-1.8908E-03
+84.5000E-03,-3.2161E-03
+84.6000E-03,-13.7239E-03
+84.7000E-03,-242.1E-06
+84.8000E-03,-1.0026E-03
+84.9000E-03,-859.0E-06
+85.0000E-03,-2.3279E-03
+85.1000E-03,-1.6373E-03
+85.2000E-03,-4.8895E-03
+85.3000E-03,+786.6E-06
+85.4000E-03,-1.2154E-03
+85.5000E-03,-4.8019E-03
+85.6000E-03,-6.7288E-03
+85.7000E-03,-3.8761E-03
+85.8000E-03,-2.8749E-03
+85.9000E-03,-6.2847E-03
+86.0000E-03,-4.3355E-03
+86.1000E-03,-704.5E-06
+86.2000E-03,+4.5345E-03
+86.3000E-03,+4.4485E-03
+86.4000E-03,-540.1E-06
+86.5000E-03,-1.6080E-03
+86.6000E-03,-2.9779E-03
+86.7000E-03,-3.0394E-03
+86.8000E-03,-1.1831E-03
+86.9000E-03,-2.4064E-03
+87.0000E-03,-2.3549E-03
+87.1000E-03,+695.4E-06
+87.2000E-03,-6.7541E-03
+87.3000E-03,-3.7239E-03
+87.4000E-03,-4.8241E-03
+87.5000E-03,-6.4322E-03
+87.6000E-03,-1.3516E-03
+87.7000E-03,-3.2161E-03
+87.8000E-03,-2.8810E-03
+87.9000E-03,-1.2769E-03
+88.0000E-03,+746.0E-06
+88.1000E-03,+10.1813E-03
+88.2000E-03,-129.2E-06
+88.3000E-03,-3.9095E-03
+88.4000E-03,-5.6216E-03
+88.5000E-03,+816.6E-06
+88.6000E-03,-6.3746E-03
+88.7000E-03,-6.1263E-03
+88.8000E-03,-2.4570E-03
+88.9000E-03,-1.3769E-03
+89.0000E-03,-4.7535E-03
+89.1000E-03,+485.5E-06
+89.2000E-03,-1.6080E-03
+89.3000E-03,-2.9233E-03
+89.4000E-03,-2.8497E-03
+89.5000E-03,-2.6761E-03
+89.6000E-03,-7.6798E-03
+89.7000E-03,-1.1255E-03
+89.8000E-03,-520.8E-06
+89.9000E-03,-7.1781E-03
+90.0000E-03,-1.6080E-03
+90.1000E-03,-379.6E-06
+90.2000E-03,-2.3158E-03
+90.3000E-03,-2.2643E-03
+90.4000E-03,-6.4837E-03
+90.5000E-03,-1.7464E-03
+90.6000E-03,+1.3315E-03
+90.7000E-03,-4.1327E-03
+90.8000E-03,-3.7178E-03
+90.9000E-03,-3.2161E-03
+91.0000E-03,-3.5762E-03
+91.1000E-03,-6.8084E-03
+91.2000E-03,-4.3739E-03
+91.3000E-03,+16.8041E-03
+91.4000E-03,+12.7549E-03
+91.5000E-03,-5.6378E-03
+91.6000E-03,-3.2161E-03
+91.7000E-03,-1.5919E-03
+91.8000E-03,-2.0390E-03
+91.9000E-03,-2.4539E-03
+92.0000E-03,-5.1714E-03
+92.1000E-03,-1.6080E-03
+92.2000E-03,-2.0905E-03
+92.3000E-03,+186.6E-06
+92.4000E-03,-1.7750E-03
+92.5000E-03,-4.8241E-03
+92.6000E-03,-5.3643E-03
+92.7000E-03,-4.1649E-03
+92.8000E-03,-5.5572E-03
+92.9000E-03,-3.2161E-03
+93.0000E-03,-4.2387E-03
+93.1000E-03,-2.0006E-03
+93.2000E-03,-3.0232E-03
+93.3000E-03,-3.2161E-03
+93.4000E-03,-4.1872E-03
+93.5000E-03,-17.9407E-03
+93.6000E-03,-1.6080E-03
+93.7000E-03,-4.0037E-03
+93.8000E-03,-3.9044E-03
+93.9000E-03,+187.2E-06
+94.0000E-03,-4.7342E-03
+94.1000E-03,-5.1324E-03
+94.2000E-03,-128.4E-06
+94.3000E-03,-1.7706E-03
+94.4000E-03,-1.6080E-03
+94.5000E-03,-1.7104E-03
+94.6000E-03,-3.2415E-03
+94.7000E-03,-2.0099E-03
+94.8000E-03,-3.2291E-03
+94.9000E-03,-4.2927E-03
+95.0000E-03,-3.1386E-03
+95.1000E-03,-2.5153E-03
+95.2000E-03,+2.8291E-03
+95.3000E-03,-1.6080E-03
+95.4000E-03,-8.7621E-03
+95.5000E-03,-3.8139E-03
+95.6000E-03,-3.4480E-03
+95.7000E-03,-2.1389E-03
+95.8000E-03,-1.6080E-03
+95.9000E-03,-4.5767E-03
+96.0000E-03,-4.3882E-03
+96.1000E-03,-582.3E-06
+96.2000E-03,-4.8241E-03
+96.3000E-03,-4.6282E-03
+96.4000E-03,+437.8E-06
+96.5000E-03,+3.8970E-03
+96.6000E-03,-349.2E-06
+96.7000E-03,-4.5352E-03
+96.8000E-03,-1.3376E-03
+96.9000E-03,-3.4264E-03
+97.0000E-03,-592.3E-06
+97.1000E-03,+4.3591E-03
+97.2000E-03,-4.1804E-03
+97.3000E-03,-4.8241E-03
+97.4000E-03,-2.7385E-03
+97.5000E-03,+41.5E-06
+97.6000E-03,-4.3361E-03
+97.7000E-03,-5.5492E-03
+97.8000E-03,+1.5963E-03
+97.9000E-03,-1.5882E-03
+98.0000E-03,-2.8825E-03
+98.1000E-03,-3.9131E-03
+98.2000E-03,-8.3937E-03
+98.3000E-03,-1.3624E-03
+98.4000E-03,-2.5606E-03
+98.5000E-03,-2.3249E-03
+98.6000E-03,-1.3061E-03
+98.7000E-03,+14.8386E-03
+98.8000E-03,-4.3211E-03
+98.9000E-03,-3.2161E-03
+99.0000E-03,-3.2161E-03
+99.1000E-03,
